"Date","Status","Submitter","Type","Topic Key","Topic Name","Question ID","Question Text","Lesson ID","Sub-Concept","Screen Index","Screen Type","Feedback"
"2026-02-17T13:17:28.340Z","CLOSED","Daisy","lesson","longmultiplication","Long Multiplication","","","estimation-check","estimation","2","interact","The answer was highlighted before I clicked which on I thought was right"
"2026-02-17T13:19:45.934Z","CLOSED","Daisy","lesson","longmultiplication","Long Multiplication","","","column-method-mistake","column-method","2","interact","The wrong answer was highlighted before I did anything"
"2026-02-17T13:21:06.234Z","CLOSED","Daisy","lesson","longmultiplication","Long Multiplication","","","column-method-steps","column-method","2","interact","Answer wrong answer was highlighted before I did anything"
"2026-02-17T13:21:49.959Z","CLOSED","Daisy","lesson","longmultiplication","Long Multiplication","","","column-method-steps","column-method","2","interact","Wrong answer was highlighted before I did anything"
"2026-02-17T13:32:26.778Z","CLOSED","Ben","lesson","longmultiplication","Long Multiplication","","","tens-shortcut","multiply-tens","0","hook","Feel like these micro learning sessions need a line or two more of an intro to tell us exactly what is being focused on and taught. Or an intro page explaining what the lesson is about. "
"2026-02-17T14:15:43.428Z","CLOSED","Ben","question","primenumbers","Prime Numbers & Factors","73","What is the LCM of 25 and 30?","","","","","Dont think 9/10yr old will now what an LCM is - lets avoid using acronyms like this and always give the long form wording"
"2026-02-17T14:20:57.860Z","CLOSED","Ben","question","datahandling","Data Handling","44","This pie chart shows favorite fruits. What fraction chose Apples?","","","","","What fraction of who? What fraction of children..maybe. Question needs rewriting"
"2026-02-17T14:24:40.675Z","CLOSED","Ben","question","anglesshapes","Angles and Shapes","73","An exterior angle of a triangle is 162°. The two opposite interior angles are 95° and w°. What is w?","","","","","Not sure the diagram makes much sense here - the numbers are correct but this triangle should have 95 degree, 67 degree and 18 degree angles which the visual doesnt show."
"2026-02-17T14:26:25.711Z","CLOSED","Ben","question","primenumbers","Prime Numbers & Factors","37","Sam says all of these numbers are prime, but one of them is not. Which of these numbers is NOT prime?","","","","","Not a great explanation for a 9/10 year old - explain what a prime is and if you are going to use the term composite explain what that is."
"2026-02-17T14:33:21.836Z","CLOSED","Ben","question","hiddenWords","Hidden & Missing Words","24","Find the four-letter word hidden across these two words: 'comic area'","","","","","Care also works as answer here though doesnt it?"
"2026-02-17T14:41:16.993Z","CLOSED","Evie","lesson","longmultiplication","Long Multiplication","","","partitioning-steps","partitioning","3","consolidate","I really like how it teaches you with a step by step way.
But I would like more pictures"
"2026-02-17T14:44:01.762Z","CLOSED","Evie","lesson","longmultiplication","Long Multiplication","","","grid-method-mistake","grid-method","3","consolidate","I really like it"
"2026-02-17T14:47:16.274Z","CLOSED","Evie","lesson","longmultiplication","Long Multiplication","","","estimation-check","estimation","3","consolidate","More pictures please and make the pictures colourful"
"2026-02-17T14:58:51.440Z","CLOSED","Evie","lesson","longmultiplication","Long Multiplication","","","word-problems-mistake","word-problems","3","consolidate","Great please add some pictures"
"2026-02-17T15:05:58.583Z","CLOSED","Evie","lesson","longmultiplication","Long Multiplication","","","checking-estimate","checking-answers","3","consolidate","Great but make it more colourful"
"2026-02-17T15:19:11.875Z","CLOSED","Evie","lesson","longmultiplication","Long Multiplication","","","grid-method-mistake","grid-method","2","interact","I like how it asked you questions in the learning bit and how it phrases what it’s saying to help you understand but I think it neeeds to not tell you the answer Before"
"2026-02-17T15:25:34.502Z","CLOSED","Ben","question","negativenumbers","Negative Numbers","15","Lily owes her brother £8. She gives him £5. How much does she still owe?","","","","","8-3 seems very basic for this level"
"2026-02-17T15:27:56.670Z","CLOSED","Ben","question","primenumbers","Prime Numbers & Factors","56","What is the HCF of 56 and 84?","","","","","Dont think HCF is an appropriate term for 9/10 year old - lets avoid using acronyms like this. Always use the full worded version."
"2026-02-17T15:30:49.022Z","CLOSED","Ben","question","placevalue","Place Value and Rounding","137","A 3-digit number has its hundreds digit exactly 4 more than its ones digit. The tens digit is exactly halfway between the hundreds and ones digits. How many such 3-digit numbers exist?","","","","","Is this an appropriate level of difficulty for 9/10 year olds?"
"2026-02-17T15:43:02.110Z","CLOSED","Ben","lesson","longmultiplication","Long Multiplication","","","tens-shortcut","multiply-tens","0","hook","This page says all steps shown but just shows 1 step which doesnt seem to show everything so that is a bit confusing."
"2026-02-17T15:44:21.286Z","CLOSED","Ben","lesson","longmultiplication","Long Multiplication","","","word-problems-mistake","word-problems","0","hook","Not sure why this page says all steps shown here. Again a bit confusing."
"2026-02-17T15:46:52.406Z","CLOSED","Ben","lesson","longmultiplication","Long Multiplication","","","checking-division","checking-answers","0","hook","Again all steps show doesnt make sense here."
"2026-02-17T15:47:38.697Z","CLOSED","Ben","lesson","longmultiplication","Long Multiplication","","","checking-division","checking-answers","1","teach","Step 2 - shows ${v.numA}, - this is an error that needs correcting."
"2026-02-17T17:21:31.480Z","CLOSED","Daisy","lesson","longmultiplication","Long Multiplication","","","column-method-mistake","column-method","2","interact","Every time one of the answers are already highlighted"
"2026-02-17T17:22:50.674Z","CLOSED","Daisy","lesson","longmultiplication","Long Multiplication","","","column-method-steps","column-method","2","interact","Wrong answer was already highlighted"
"2026-02-17T17:24:07.870Z","CLOSED","Daisy","lesson","longmultiplication","Long Multiplication","","","column-method-steps","column-method","3","consolidate","Multiply by the ones digit doesn’t really make sense could be phrased better"
"2026-02-17T17:27:36.119Z","CLOSED","Daisy","lesson","longmultiplication","Long Multiplication","","","column-method-steps","column-method","3","consolidate","Did the same lesson 2 times in a row the exact same"
"2026-02-17T17:29:37.172Z","CLOSED","Daisy","lesson","longmultiplication","Long Multiplication","","","tens-discovery","multiply-tens","2","interact","Did the same lesson 2 times in a row just used 12 instead of 7 but it didn’t help me learn as I just learnt that"
"2026-02-17T17:32:19.670Z","CLOSED","Daisy","lesson","longmultiplication","Long Multiplication","","","tens-shortcut","multiply-tens","2","interact","One of the answers was already highlighted"
"2026-02-17T17:34:39.713Z","CLOSED","Daisy","lesson","longmultiplication","Long Multiplication","","","tens-discovery","multiply-tens","2","interact","Right answer was already highlighted"
"2026-02-17T17:35:27.687Z","CLOSED","Daisy","lesson","longmultiplication","Long Multiplication","","","tens-discovery","multiply-tens","3","consolidate","Gives you same lesson a couple of times if you get the practice question wrong to help you learn it that’s good"
"2026-02-17T17:38:01.826Z","CLOSED","Daisy","lesson","longmultiplication","Long Multiplication","","","word-problems-mistake","word-problems","2","interact","Doesn’t help why I got it wrong just says it’s wrong"
"2026-02-17T17:39:53.145Z","CLOSED","Daisy","lesson","longmultiplication","Long Multiplication","","","word-problems-mistake","word-problems","1","teach","Sentence is a little bit confusing at first glance"
"2026-02-17T17:41:28.030Z","CLOSED","Daisy","lesson","longmultiplication","Long Multiplication","","","word-problems-mistake","word-problems","2","interact","Gives the same little response regardless if you get it right or wrong just replaces the first word with either brilliant or bad luck not much variation"
"2026-02-17T17:42:37.385Z","CLOSED","Daisy","lesson","longmultiplication","Long Multiplication","","","word-problems-mistake","word-problems","3","consolidate","Good- very clear on what to do under different circumstances"
"2026-02-18T05:38:59.315Z","CLOSED","Ben","question","speeddistancetime","Speed, Distance, Time","97","A tram travels at 44 km/h for 1.75 hours. Distance?","","","","","This is a poorly phrased sentence"
"2026-02-18T05:44:11.941Z","CLOSED","Ben","question","decimals","Decimals","132","Ava cycles 2.7 km on Saturday and 5.8 km on Sunday. How far in total?","","","","","If I randomly guess for the third answer I seem to get an awful lot of answers correct."
"2026-02-18T05:59:00.556Z","CLOSED","Ben","lesson","longmultiplication","Long Multiplication","","","partitioning-curiosity","partitioning","0","hook","I have not seen the standard column method in our micro lessons come up. This is what most kids will be taught in school so should definitely be in there."
"2026-02-18T06:00:26.299Z","CLOSED","Ben","lesson","longmultiplication","Long Multiplication","","","partitioning-curiosity","partitioning","1","teach","I really like the tapping on the boxes. Good interactivity."
"2026-02-18T06:01:15.871Z","CLOSED","Ben","lesson","longmultiplication","Long Multiplication","","","partitioning-curiosity","partitioning","3","consolidate","This is a good well balanced lesson."
"2026-02-18T06:02:30.788Z","CLOSED","Ben","lesson","longmultiplication","Long Multiplication","","","partitioning-steps","partitioning","0","hook","Quite regularly seem to get same micro lessons coming up back to back. Different numbers but same template."
"2026-02-18T06:05:36.085Z","CLOSED","Ben","lesson","longmultiplication","Long Multiplication","","","estimation-keyfact","estimation","1","teach","Is this a good way of doing long multiplication? Good for sense checking but not giving you the correct answer."
"2026-02-18T06:08:10.736Z","CLOSED","Ben","lesson","longmultiplication","Long Multiplication","","","estimation-keyfact","estimation","0","hook","Again seem to be getting lots of estimation ones now looks like we are cycling through templates sequentially rather than randomly."
"2026-02-18T06:11:55.786Z","CLOSED","Ben","lesson","longmultiplication","Long Multiplication","","","column-method-steps","column-method","1","teach","Think when teaching the collumn method  we need to show it visually. Eg showing the columns and how it works through that would be much clearer than this."
"2026-02-18T06:13:54.365Z","CLOSED","Ben","lesson","longmultiplication","Long Multiplication","","","tens-discovery","multiply-tens","2","interact","Good but need to be clearer how this is helpful to do long multiplication"
"2026-02-18T06:15:24.169Z","CLOSED","Ben","lesson","longmultiplication","Long Multiplication","","","checking-division","checking-answers","1","teach","Error in step 2"
"2026-02-18T06:39:13.157Z","CLOSED","Ben","lesson","longmultiplication","Long Multiplication","","","column-method-steps","column-method","2","interact","This doesn’t feel like the standard column method taught in school where they are multiplying individual figures and carrying numbers to the next column. I haven’t seen that anywhere in our lessons yet which is a major gap."
"2026-02-18T06:41:05.910Z","CLOSED","Ben","question","primenumbers","Prime Numbers & Factors","73","What is the LCM of 25 and 30?","","","","","LCM - need long form not acronyms"
"2026-02-18T06:44:21.167Z","CLOSED","Ben","question","anglesshapes","Angles and Shapes","93","Two parallel lines are cut by a transversal. One angle is 82°. What is the alternate interior angle?","","","","","This is quite a complex explanation for a 9/10 year old"
"2026-02-18T06:46:19.015Z","CLOSED","Ben","question","datahandling","Data Handling","105","What is the mode? 39, 42, 39, 45, 39, 48","","","","","Think the explanation should always explain the answer fully eg in this case explain exactly what the mode is or means"
"2026-02-18T07:58:52.855Z","CLOSED","Evie","lesson","longmultiplication","Long Multiplication","","","grid-method-discovery","grid-method","3","consolidate","Some of the words that it’s saying I don’t really understand like partitioning"
"2026-02-18T08:01:17.808Z","CLOSED","Evie","lesson","longmultiplication","Long Multiplication","","","grid-method-mistake","grid-method","3","consolidate","I can understand most of what it’s saying but when it asks you questions it tells you the answer"
"2026-02-18T08:49:54.936Z","CLOSED","Evie","lesson","longmultiplication","Long Multiplication","","","estimation-check","estimation","3","consolidate","I like how it shows you exactly how to get the answer"
"2026-02-18T18:57:46.416Z","CLOSED","Ben","question","placevalue","Place Value and Rounding","140","Ryan thinks of a 4-digit number. He says: 'When I round to the nearest 100, I get 4,300. When I round to the nearest 1,000, I get 4,000.' What is the largest number Ryan could be thinking of?","","","","","Feel like I have seen this same question very recently"
"2026-02-19T08:50:00.202Z","CLOSED","Evie","lesson","longmultiplication","Long Multiplication","","","estimation-keyfact","estimation","3","consolidate","I like how it goes step by step and you click for the next step"
"2026-02-19T08:52:56.088Z","CLOSED","Evie","lesson","longmultiplication","Long Multiplication","","","estimation-keyfact","estimation","3","consolidate","I like that it showed you multiple ways on how to do long multiplication"
"2026-02-19T08:55:02.678Z","CLOSED","Evie","lesson","longmultiplication","Long Multiplication","","","estimation-keyfact","estimation","0","hook","It says when you first go on it “all steps shown” even though it hasn’t showed you yet"
"2026-02-19T08:56:28.833Z","CLOSED","Evie","lesson","longmultiplication","Long Multiplication","","","estimation-keyfact","estimation","3","consolidate","I like how it gives you a question and then a little recap"
"2026-02-19T08:58:01.796Z","CLOSED","Evie","lesson","longmultiplication","Long Multiplication","","","estimation-keyfact","estimation","0","hook","I feel like I’ve already seen all of them because there all quite similar"
"2026-02-19T13:14:54.395Z","CLOSED","Ben","question","longmultiplication","Long Multiplication","94","A newspaper prints 814 copies per edition. How many copies are printed over 27 editions?","","","","","I dont like this explanation - we should be promoting the standard column method"
"2026-02-19T17:01:05.162Z","CLOSED","Ben","lesson","longdivision","Long Division","","","master-bus-stop-full","master-bus-stop","2","teach","These diagrams are not clear - it doesnt show the overall picture of the equation at all. I dont understand what outside the bus stop means."
"2026-02-19T17:01:36.381Z","CLOSED","Daisy","lesson","percentages","Percentages","","","master-percentage-building-blocks-full","master-building-block-percentages","4","interact","I just got told the number so the question needs to be different numbers otherwise there’s no point, im being given something not testing whether I've learnt something"
"2026-02-19T17:01:55.146Z","CLOSED","Ben","lesson","longdivision","Long Division","","","master-bus-stop-full","master-bus-stop","4","interact","This lesson wasnt clear for me at all needs some more work."
"2026-02-19T17:03:00.466Z","CLOSED","Ben","lesson","anglesshapes","Angles & Shapes","","","master-triangle-angles","master-missing-angle-triangle","3","teach","This lesson keeps referencing triangles but the images are of a smooth cornered rectangle"
"2026-02-19T17:03:46.980Z","CLOSED","Daisy","lesson","decimals","Decimals","","","master-decimal-addition-full","master-column-addition-decimals","4","interact","Again I just got told the answer so numbers need to be slightly different"
"2026-02-19T17:03:59.122Z","CLOSED","Ben","lesson","speeddistancetime","Speed, Distance, Time","","","master-speed-calculation","master-speed-formula","3","teach","Overall I think this lessons looks fine although the diagram on this page showing the 1hr jumps would do with being a little bigger."
"2026-02-19T17:04:01.616Z","CLOSED","Evie","lesson","percentages","Percentages","","","master-percentage-building-blocks-full","master-building-block-percentages","4","interact","On the questions it tells you the exact answer before"
"2026-02-19T17:05:05.142Z","CLOSED","Daisy","lesson","longdivision","Long Division","","","master-bus-stop-full","master-bus-stop","2","teach","Don’t say exactly if it’s not exact it’s misleading"
"2026-02-19T17:06:02.991Z","CLOSED","Daisy","lesson","longdivision","Long Division","","","master-bus-stop-full","master-bus-stop","3","teach","Again don’t say exactly if it’s not exact"
"2026-02-19T17:06:37.160Z","CLOSED","Daisy","lesson","longdivision","Long Division","","","master-bus-stop-full","master-bus-stop","4","interact","Just got told the answer numbers for the question needs to be to be slightly different"
"2026-02-19T17:07:35.385Z","CLOSED","Daisy","lesson","longdivision","Long Division","","","master-bus-stop-full","master-bus-stop","5","consolidate","A year 6 or year 5 wouldn’t understand the word quotient (I don’t either)"
"2026-02-19T17:08:39.826Z","CLOSED","Ben","lesson","fractions","Fractions","","","master-add-fractions-full","master-adding-fractions","1","hook","First intro page and this one should explain what a denominator is - we are teaching with these lessons and shouldnt assume what someone does or doesnt know. Remember that the lessons should be able to be understood and followed by a 5 year old."
"2026-02-19T17:09:33.551Z","CLOSED","Daisy","lesson","algebra","Algebra","","","master-algebra-twostep","master-two-step-equations","1","hook","Would it not be plus 15 as there’s 3 bags?"
"2026-02-19T17:10:52.378Z","CLOSED","Ben","lesson","fractions","Fractions","","","master-add-fractions-full","master-adding-fractions","1","hook","Looks slightly odd that the two labels are different sizes, colours etc here. First amount: 2/3 of a metre, Second amount: 1/6 of a metre"
"2026-02-19T17:11:09.433Z","CLOSED","Daisy","lesson","algebra","Algebra","","","master-algebra-twostep","master-two-step-equations","4","interact","Again just got told the answer question needs to be different a child has good enough memory to remember that it makes the question pointless"
"2026-02-19T17:11:15.157Z","CLOSED","Evie","lesson","decimals","Decimals","","","master-decimal-addition-full","master-column-addition-decimals","5","consolidate","I like how it has lots of diagrams and how it uses simple words"
"2026-02-19T17:13:15.907Z","CLOSED","Ben","question","fractions","Fractions","67","A recipe needs 2/3 cup of sugar. Sophie has 1/6 cup. How much more does she need?","","","","","OK but 3/6 is technically correct isnt it?"
"2026-02-19T17:13:19.833Z","CLOSED","Daisy","lesson","placevalue","Place Value & Rounding","","","master-rounding-full","master-rounding","4","interact","Same numbers need to be different"
"2026-02-19T17:15:09.439Z","CLOSED","Evie","lesson","longdivision","Long Division","","","master-bus-stop-full","master-bus-stop","2","teach","I think it should have a picture telling you what bus stop looks like"
"2026-02-19T17:15:12.010Z","CLOSED","Ben","lesson","volume","Volume","","","master-volume-full","master-volume-cuboids","3","teach","Feel like visuals of cubes would work better here in addition to the equations written out in boxes like this. Remember the primary goal is always to make it as VISUAL and as clear as possible."
"2026-02-19T17:18:03.178Z","CLOSED","Ben","lesson","negativenumbers","Negative Numbers","","","master-negatives-crossing","master-crossing-zero","2","teach","The visual number line needs to be a bit bigger here"
"2026-02-19T17:18:53.394Z","CLOSED","Ben","lesson","negativenumbers","Negative Numbers","","","master-negatives-crossing","master-crossing-zero","5","consolidate","Other than the small visual on 2nd screen think this one is good. Clear and easy to follow."
"2026-02-19T17:19:06.683Z","CLOSED","Evie","lesson","longdivision","Long Division","","","master-bus-stop-full","master-bus-stop","5","consolidate","I like how it puts key words in bold"
"2026-02-19T17:20:58.762Z","CLOSED","Ben","lesson","sequences","Sequences","","","master-sequence-full","master-arithmetic-sequences","2","teach","Again number line needs to be a bit bigger on this one."
"2026-02-19T17:21:22.682Z","CLOSED","Ben","lesson","sequences","Sequences","","","master-sequence-full","master-arithmetic-sequences","3","teach","Again number line needs to be a bit bigger."
"2026-02-19T17:21:35.214Z","CLOSED","Evie","lesson","ratio","Ratio & Proportion","","","master-ratio-sharing","master-sharing-ratio","5","consolidate","I like how clear it is about everything"
"2026-02-19T17:24:04.819Z","CLOSED","Ben","lesson","datahandling","Data Handling","","","master-mean-calculation","master-mean-average","1","hook","Not sure typical is the right word here. Perhaps need to explain exactly what mean average means."
"2026-02-19T17:24:52.373Z","CLOSED","Evie","lesson","fractions","Fractions","","","master-add-fractions-full","master-adding-fractions","5","consolidate","I like how it showed you the easiest way to do it"
"2026-02-19T17:26:00.739Z","CLOSED","Ben","lesson","areaperimeter","Area & Perimeter","","","master-area-full","master-area-rectangles","2","teach","This page needs more visuals - especially when are talking about area and perimeter. Remember golden rule as visual as possible and as clear as possible."
"2026-02-19T17:27:03.659Z","CLOSED","Ben","lesson","areaperimeter","Area & Perimeter","","","master-area-full","master-area-rectangles","3","teach","Again this page needs visual of the shape not just the numbers."
"2026-02-19T17:29:24.187Z","CLOSED","Ben","lesson","algebra","Algebra","","","master-algebra-twostep","master-two-step-equations","3","teach","This is a bit confusing - 5 × x = 50. - Would probably have been better use a different letter for X in this example."
"2026-02-19T17:30:26.363Z","CLOSED","Ben","lesson","placevalue","Place Value & Rounding","","","master-rounding-full","master-rounding","1","hook","This we should use Thousand, Hundred, Ten, One rather than expecting children to know what those letters mean."
"2026-02-19T17:32:18.090Z","CLOSED","Ben","lesson","decimals","Decimals","","","master-decimal-addition-full","master-column-addition-decimals","1","hook","Again think we need to write out the full Ones, Tenths, Hundreths here."
"2026-02-19T17:34:08.915Z","CLOSED","Ben","lesson","decimals","Decimals","","","master-decimal-addition-full","master-column-addition-decimals","2","teach","Should make clear in this equation that the 1 is carried from the previous step - 8 + 4 + 1 = 13"
"2026-02-19T17:34:52.034Z","CLOSED","Ben","lesson","decimals","Decimals","","","master-decimal-addition-full","master-column-addition-decimals","3","teach","1 + 2 + 1 = 4 - Again need to make clear the 1 is carried from previous step - also the number line need to be a bit bigger again."
"2026-02-19T17:37:27.379Z","CLOSED","Ben","lesson","ratio","Ratio & Proportion","","","master-ratio-sharing","master-sharing-ratio","5","consolidate","In this lesson on the diagrams Oliver was close to overlapping with the lines of the diagram - need to make the diagram a bit bigger so the spacing is a bit neater. Just a design point really."
"2026-02-19T19:21:34.211Z","CLOSED","Lauren","lesson","percentages","Percentages","","","master-percentage-building-blocks-full","master-building-block-percentages","3","teach","On mobile, the last illustration doesn’t quite work. ‘30% =£150’ is clipped."
"2026-02-19T19:23:28.857Z","CLOSED","Lauren","lesson","percentages","Percentages","","","master-percentage-building-blocks-full","master-building-block-percentages","5","consolidate","You can’t find every percentage, as implied, with just 5% and 10%."
"2026-02-19T19:51:18.388Z","CLOSED","Lauren","question","negativenumbers","Negative Numbers","65","Tom has £6 in his account. He buys a toy costing £22. What is his balance now?","","","","","Not sure how appropriate this question is. Opens up the topic of debt, which I’m not sure how many kids would have a concept of at this age."
"2026-02-20T09:19:41.042Z","CLOSED","Ben","lesson","anglesshapes","Angles & Shapes","","","master-triangle-angles","master-missing-angle-triangle","2","teach","Here and on the last page the curved lines on the corner of each triangle dont look correct - they are overlapping the lines and not correctly positioned."
"2026-02-20T09:20:26.454Z","CLOSED","Ben","lesson","anglesshapes","Angles & Shapes","","","master-triangle-angles","master-missing-angle-triangle","3","teach","Also the image is not a scalene triangle, the image shows a triangle with all the angles the same but the numbers are different."
"2026-02-20T09:22:06.479Z","CLOSED","Ben","lesson","longdivision","Long Division","","","master-bus-stop-full","master-bus-stop","2","teach","There is still no image on this page - I am still not clear on what the bus stop method is. Please remember these lessons should be as visual and clear as possible."
"2026-02-20T09:23:07.530Z","CLOSED","Ben","lesson","speeddistancetime","Speed, Distance, Time","","","master-speed-calculation","master-speed-formula","3","teach","Think the number line image here can go a bit bigger still - maybe twice as big."
"2026-02-20T09:25:01.585Z","CLOSED","Ben","lesson","volume","Volume","","","master-volume-full","master-volume-cuboids","2","teach","We need to add an image or images to this page. Any time we can use an image to make it more visual and more clear we should."
"2026-02-20T09:27:23.899Z","CLOSED","Ben","lesson","areaperimeter","Area & Perimeter","","","master-area-full","master-area-rectangles","1","hook","These two images are confusing I am not sure what they are supposed to represent."
"2026-02-20T09:28:00.443Z","CLOSED","Ben","lesson","areaperimeter","Area & Perimeter","","","master-area-full","master-area-rectangles","2","teach","Again need a visual - here - golden rule - every single lesson should be maximised for being visual and clear"
"2026-02-20T09:28:57.062Z","CLOSED","Ben","lesson","percentages","Percentages","","","master-percentage-building-blocks-full","master-building-block-percentages","2","teach","In order to get any number we need building blocks of 10%, 5% and 1% this is crucial."
"2026-02-20T09:32:03.601Z","CLOSED","Ben","lesson","placevalue","Place Value & Rounding","","","master-rounding-full","master-rounding","3","teach","The image with the arrow at the top here needs to be a bit bigger again maybe double the size."
"2026-02-20T09:32:48.931Z","CLOSED","Ben","lesson","decimals","Decimals","","","master-decimal-addition-full","master-column-addition-decimals","3","teach","Number line image here again needs to be twice as big."
"2026-02-20T09:33:52.215Z","CLOSED","Ben","lesson","ratio","Ratio & Proportion","","","master-ratio-sharing","master-sharing-ratio","3","teach","Need to look at spacing on these images text is very bunched up to the side."
"2026-02-20T09:50:18.071Z","CLOSED","Ben","lesson","anglesshapes","Angles & Shapes","","","master-triangle-angles","master-missing-angle-triangle","1","hook","Curved lines in the corners are still not right here. Given they seem to be posing somewhat of a technical challenge why dont we just leave them out and just have the numbers. I am not sure we need them."
"2026-02-20T09:50:18.071Z","CLOSED","Ben","lesson","primenumbers","Prime Numbers & Factors","","","","","","","Prime numbers topic doesnt seem to have any lesson. "
"2026-02-20T09:52:14.593Z","CLOSED","Ben","lesson","anglesshapes","Angles & Shapes","","","master-triangle-angles","master-missing-angle-triangle","3","teach","Curved lines work on this one. Weird that they work on some but not others?"
"2026-02-20T09:52:47.151Z","CLOSED","Ben","lesson","anglesshapes","Angles & Shapes","","","master-triangle-angles","master-missing-angle-triangle","4","interact","In this diagram we have a curved line and a square line on the right angle they are overlapping each other and dont look right."
"2026-02-20T09:53:54.748Z","CLOSED","Ben","lesson","volume","Volume","","","master-volume-full","master-volume-cuboids","1","hook","4cm label is not in the right place here - labels should never over lap with lines. 7cm is also not properly spaced."
"2026-02-20T09:54:56.650Z","CLOSED","Ben","lesson","volume","Volume","","","master-volume-full","master-volume-cuboids","2","teach","This one needs some work - the visuals can much better explain what is happening here. Use a visual for each step showing the base area and then it building up"
"2026-02-20T09:56:56.837Z","CLOSED","Ben","lesson","areaperimeter","Area & Perimeter","","","master-area-full","master-area-rectangles","3","teach","Use a diagram to show the L Shape - always use visuals when you can. This is a golden rule and should always be followed."
"2026-02-20T10:10:53.254Z","CLOSED","Ben","lesson","anglesshapes","Angles & Shapes","","","master-triangle-angles","master-missing-angle-triangle","1","hook","Spacing not right on the bottom 50 degree label here - spacing needs to be even between the lines this one is too close to the line."
"2026-02-20T10:11:15.324Z","CLOSED","Ben","lesson","anglesshapes","Angles & Shapes","","","master-triangle-angles","master-missing-angle-triangle","2","teach","Same issue on this diagram label too close to the line needs to be more evenly spaced."
"2026-02-20T10:13:39.192Z","CLOSED","Ben","lesson","volume","Volume","","","master-volume-full","master-volume-cuboids","1","hook","7cm label is now good but 4cm is still in the wrong place - do you remember we had the same issue when making the diagrams for the question library. It needs to be on the bottom diagonal line."
"2026-02-20T10:14:47.664Z","CLOSED","Ben","lesson","volume","Volume","","","master-volume-full","master-volume-cuboids","3","teach","Now picture stacking 5 layers on top of each other, like building a wall of blocks: --- The user shouldnt have to picture this - we should be showing it very clearly using our own visuals. Again need to show every step here so each base layer building up to make the cuboid."
"2026-02-20T10:15:09.085Z","CLOSED","Ben","lesson","volume","Volume","","","master-volume-full","master-volume-cuboids","4","interact","Again the 3cm label is in the wrong place - same issue as the other diagram."
"2026-02-20T10:16:44.460Z","CLOSED","Ben","lesson","areaperimeter","Area & Perimeter","","","master-area-full","master-area-rectangles","3","teach","Can we make this diagram twice as big. Also not sure what the 6m and 4m labels are referring to here? This is a bit confusing."
"2026-02-20T10:23:39.390Z","CLOSED","Ben","lesson","primenumbers","Prime Numbers & Factors","","","master-factors-full","master-finding-factors","3","teach","I dont fully understand this line - When the two numbers nearly meet or cross over, you've found them all! After 4, the pairs would just repeat in reverse. - Make it more clear or show it with a visual."
"2026-02-20T10:33:42.544Z","CLOSED","Ben","lesson","anglesshapes","Angles & Shapes","","","master-triangle-angles","master-missing-angle-triangle","4","interact","35 degree label is incorrectly spaced - lets REALLY REALLY focus on this point and build a rule so that labels are always correctly spaced in the corners of these triangles."
"2026-02-20T10:42:37.789Z","CLOSED","Ben","lesson","longdivision","Long Division","","","master-bus-stop-full","master-bus-stop","3","teach","The remainder 6 is cut off in the image"
"2026-02-20T10:43:56.612Z","CLOSED","Ben","lesson","anglesshapes","Angles & Shapes","","","master-triangle-angles","master-missing-angle-triangle","1","hook","35 degree label isnt correctly spaced. Lets slow down on this issue think more deeply and create a rule that repeats successfully each time. I think the issue is that we are using different triangles each time which throws off the spacing. Think deeply about how to solve that issue."
"2026-02-20T10:45:13.317Z","CLOSED","Ben","lesson","speeddistancetime","Speed, Distance, Time","","","master-speed-calculation","master-speed-formula","2","teach","Label on this number line says 200 miles which I dont understand? Would also still like it to be bigger. Maybe twice as big again."
"2026-02-20T10:47:38.550Z","CLOSED","Ben","lesson","speeddistancetime","Speed, Distance, Time","","","master-speed-calculation","master-speed-formula","3","teach","The labels overlap the lines on this diagram. Labels should never ever overlap lines."
"2026-02-20T10:48:10.909Z","CLOSED","Ben","lesson","speeddistancetime","Speed, Distance, Time","","","master-speed-calculation","master-speed-formula","4","interact","Start and 120km both poorly spaced - overlapping lines."
"2026-02-20T11:08:13.927Z","CLOSED","Ben","lesson","anglesshapes","Angles & Shapes","","","master-triangle-angles","master-missing-angle-triangle","1","hook","Lowest 50 degree label is still not right."
"2026-02-20T11:17:09.352Z","CLOSED","Ben","lesson","fractions","Fractions","","","master-add-fractions-full","master-adding-fractions","3","teach","13/20 in the third diagram is overlapping with the lines."
"2026-02-20T11:22:22.374Z","CLOSED","Lauren","question","speeddistancetime","Speed, Distance, Time","51","Convert 144 km/h to m/s.","","","","","This conversion wasn’t included in lesson. (Km to miles) might’ve good to touch on as there are usually a few questions in the test that relate to various measurements and whether you know how to convert them. 

Also, really liked the sanity check in the lesson (walking speed around 5mph.

Another note, I think you would be more likely to see mph as an abbreviated unit than m/h but might be wrong."
"2026-02-20T11:32:36.067Z","CLOSED","Lauren","question","speeddistancetime","Speed, Distance, Time","81","Convert 198 km/h to m/s.","","","","","Would be helpful to specify if m/s is miles or meters per second, I think writing out in full sentence with abbreviations in brackets could be helpful. 
Could also include in the explanation after answering how you might do that sum without a calculator.
Eg.
Where the numbers came from, 1000 meters in a kilometre.

198*1000/3600

You can cancel out the zeros, so becomes

198*10/36

Then 

198*10=1,980 

So 1980/36

Then maybe a lightbulb or hint reminding them to use long division 

Only being picky as some of this is assumed knowledge and not in the lesson."
"2026-02-20T11:39:10.173Z","CLOSED","Lauren","question","speeddistancetime","Speed, Distance, Time","49","A motorbike covers 36 km in 20 minutes. Speed in km/h?","","","","","Would be good to be given a hint and then a chance to try again. Also, is explanation same for right and wrong answers."
"2026-02-20T11:42:18.567Z","CLOSED","Lauren","question","datahandling","Data Handling","115","This bar chart shows attendance. What is the mean attendance?","","","","","Value of each bar could be more clear"
"2026-02-20T11:43:06.191Z","CLOSED","Lauren","question","datahandling","Data Handling","68","What is the mode? 19, 22, 19, 25, 19, 28","","","","","Mode not covered in leason"
"2026-02-20T11:47:16.274Z","CLOSED","Lauren","question","datahandling","Data Handling","67","This bar chart shows attendance. How many more attended Friday than Monday?","","","","","Was actually trying to get this slightly wrong. Maybe just a mobile issue but there is no way to read Friday as 58 and Monday as 46. The best you could get from the bar chart is possibly the value to the nearest 5. Bar chart values are not clear enough."
"2026-02-20T12:00:44.643Z","CLOSED","Ben","lesson","longdivision","Long Division","","","master-bus-stop-full","master-bus-stop","3","teach","Remainders on the diagram are cutting off - cant see them on the screen."
"2026-02-20T12:11:03.532Z","CLOSED","Ben","lesson","longdivision","Long Division","","","master-bus-stop-full","master-bus-stop","2","teach","8 goes into 9 1 time. Write 1 above. The remainder 1 carries to the next digit. --- Can we adjust something here between the 9 and the 1 needs a dash or something to make this more clear. Same for the other steps."
"2026-02-20T12:11:52.148Z","CLOSED","Ben","lesson","anglesshapes","Angles & Shapes","","","master-triangle-angles","master-missing-angle-triangle","1","hook","The spacing for the degree labels is still all wrong. Please mark this as a major issue which needs deep thinking."
"2026-02-20T12:14:10.332Z","CLOSED","Ben","lesson","fractions","Fractions","","","master-add-fractions-full","master-adding-fractions","1","hook","First amount: 4/5 of the fence, Second amount: 5/8 of the fence --- these two labels need redoing so they look the same."
"2026-02-20T12:14:45.900Z","CLOSED","Ben","lesson","fractions","Fractions","","","master-add-fractions-full","master-adding-fractions","2","teach","2nd and 3rd diagrams the text is being cut off. 32/40 and 25/40"
"2026-02-20T19:04:52.236Z","CLOSED","Ben","question","datahandling","Data Handling","92","This pie chart shows colors. What percentage chose Blue?","","","","","Should be colours not colors"
"2026-02-21T20:41:54.654Z","CLOSED","Ben","question","primenumbers","Prime Numbers & Factors","64","Sophie knows the Highest Common Factor (HCF) of two numbers is 12 and their Lowest Common Multiple (LCM) is 120. What is the product?","","","","","I don’t feel like this is a very good explanation."
"2026-02-21T20:44:04.196Z","CLOSED","Ben","question","speeddistancetime","Speed, Distance, Time","42","How many minutes to travel 40 km at 160 km/h?","","","","","I feel like this question is poorly phrased"
"2026-02-21T20:45:43.029Z","CLOSED","Ben","question","datahandling","Data Handling","56","This line graph shows growth. How much growth between Day 3 and Day 7?","","","","","Th scale is difficult to judge on this type of graph"
"2026-02-21T20:48:11.308Z","CLOSED","Ben","question","longmultiplication","Long Multiplication","1","A school hall has 23 rows of chairs with 14 chairs in each row. How many chairs are there altogether?","","","","","Have to tap the next question button twice on mobile to advanced but it should only be once"
"2026-02-21T20:53:38.661Z","CLOSED","Ben","question","volume","Volume","114","A cuboid has dimensions 4w cm by 7w cm by 10 cm. If w = 6, what is the volume?","","","","","Dimensions don’t look right here if 7w is bigger than 4w"
"2026-02-23T16:55:36.049Z","OPEN","Ben","lesson","spelling","Spelling","","","master-spelling-scanner-full","master-spelling-scanner","4","interact","there is also spelt incorrectly here. It should be their"
"2026-02-25T14:00:01.162Z","OPEN","Lauren","question","volume","Volume","123","Which container holds more water: a rectangular box measuring 30 cm × 20 cm × 15 cm, or a cube with edges of 25 cm? How much more does the larger one hold, in cm³?","","","","","Would be better if the answers referred to the boxes as box A or box B. Arguably they are both boxes and even both cuboids to choosing an answer could be confusing."
"2026-02-25T14:25:51.998Z","OPEN","Lauren","question","algebra","Algebra","42","Amelia is a years old. Her uncle is 35 years older. Which expression shows her uncle's age?","","","","","We aren’t told what a is or means. I took it to mean Amelia’s age so a=1 as Amelia is a year old so a+35 would equal 36 not 35 which is the answer we are asked to find. Need to make sure meaning is clear. Is Amelia 1 or under 1, what does a denote."
"2026-02-25T19:12:04.451Z","OPEN","Ben","lesson","comprehension","Reading Comprehension","","","master-comprehension-full","master-find-the-evidence","3","teach","This is a inference question. - Poor grammar"
"2026-02-25T19:12:56.479Z","OPEN","Lauren","lesson","fractions","Fractions","","","master-add-fractions-full","master-adding-fractions","2","teach","Slight problem with first illustration in step one, should be split into 4 equal parts but last quarter is very skinny"
"2026-02-25T19:19:12.316Z","OPEN","Ben","lesson","grammar","Grammar","","","master-grammar-full","master-read-check-choose","2","teach","Feel like there are some technical terms which need explaining here. What does tense mean? A 9yr old might not know. They might not know what context or consistent means either."
"2026-02-25T19:19:58.332Z","OPEN","Ben","lesson","grammar","Grammar","","","master-grammar-full","master-read-check-choose","3","teach","Again technical term that doesnt get explained. What are superlatives? Would a 9 yr old understand this?"
"2026-02-25T19:20:49.932Z","OPEN","Ben","lesson","grammar","Grammar","","","master-grammar-full","master-read-check-choose","4","interact","This is called the subjunctive mood. - Again technical term that is not explained."
"2026-02-25T19:27:50.280Z","OPEN","Lauren","lesson","negativenumbers","Negative Numbers","","","master-negatives-crossing","master-crossing-zero","1","hook","Not sure kids will understand the concept of being overdrawn."
"2026-02-25T19:43:35.227Z","OPEN","Lauren","lesson","anglesshapes","Angles & Shapes","","","master-triangle-angles","master-missing-angle-triangle","1","hook","I would leave out truss, not sure it would be in a 10 year olds vocabulary?"
"2026-02-25T19:44:29.074Z","OPEN","Lauren","lesson","anglesshapes","Angles & Shapes","","","master-triangle-angles","master-missing-angle-triangle","1","hook","Could include a note to remind them that the square in an angle lets them know it is 90 degrees"
"2026-02-25T21:24:15.021Z","OPEN","Ben","question","synonyms","Synonyms","61","Choose one word from each group that are closest in meaning.","","","","","Are loud and noisy not also very close in meaning?"
"2026-02-25T21:25:33.059Z","OPEN","Ben","question","synonyms","Synonyms","110","Choose one word from each group that are closest in meaning.","","","","","I feel like these word groups need looking at again. Or at least the explanations need show why other answers are wrong. They are all very close in meaning maybe its just a level 3 question and I'm struggling but explanation needs to make it more clear."
"2026-02-28T09:50:51.709Z","OPEN","Evie","lesson","longdivision","Long Division","","","master-bus-stop-full","master-bus-stop","2","teach","Could it say ""number"" instead of ""digit""?"
"2026-02-28T09:53:23.350Z","OPEN","Evie","lesson","longdivision","Long Division","","","master-bus-stop-full","master-bus-stop","5","consolidate","I liked most of it, but could instead of it having digit, could it be number?"
"2026-02-28T09:58:33.287Z","OPEN","Evie","lesson","volume","Volume","","","master-volume-full","master-volume-cuboids","5","consolidate","It looked good, I definitely learned something. Because I didn't know how to do volume before."
"2026-02-28T10:02:23.696Z","OPEN","Evie","lesson","fractions","Fractions","","","master-add-fractions-full","master-adding-fractions","2","teach","I wish it had the saying, ""Whatever you do to the bottom, you always do to the top."""
"2026-02-28T10:20:19.228Z","OPEN","Evie","lesson","primenumbers","Prime Numbers & Factors","","","master-factors-full","master-finding-factors","5","consolidate","Great, I really understood everything."
"2026-02-28T10:26:45.494Z","OPEN","Evie","lesson","anglesshapes","Angles & Shapes","","","master-triangle-angles","master-missing-angle-triangle","5","consolidate","Very clear and easy to understand for a 9- or 10-year-old."
"2026-02-28T10:37:38.753Z","OPEN","Evie","lesson","negativenumbers","Negative Numbers","","","master-negatives-crossing","master-crossing-zero","5","consolidate","Super clear and easy for a 9- or 10-year-old to understand."
"2026-02-28T10:42:17.442Z","OPEN","Evie","lesson","sequences","Sequences","","","master-sequence-full","master-arithmetic-sequences","5","consolidate","Great."
"2026-02-28T10:46:43.835Z","OPEN","Evie","lesson","longmultiplication","Long Multiplication","","","master-column-full","master-column-method","5","consolidate","Great, really good to understand. I really like everything. I do wish that it did it maybe a little bit better. I didn't understand the whole of everything."
"2026-02-28T10:49:53.780Z","OPEN","Evie","lesson","areaperimeter","Area & Perimeter","","","master-area-full","master-area-rectangles","5","consolidate","Really easy to stand, great wording. I love it."
"2026-02-28T11:04:44.239Z","OPEN","Evie","lesson","algebra","Algebra","","","master-algebra-twostep","master-two-step-equations","5","consolidate","Really great explanation of algebra. I really like it."
"2026-02-28T11:07:20.664Z","OPEN","Evie","lesson","percentages","Percentages","","","master-percentage-building-blocks-full","master-building-block-percentages","5","consolidate","Great explanation, I understood everything."
"2026-02-28T11:09:46.497Z","OPEN","Evie","lesson","placevalue","Place Value & Rounding","","","master-rounding-full","master-rounding","5","consolidate","I've loved this lesson. I think it's really great."
"2026-02-28T11:11:42.497Z","OPEN","Evie","lesson","ratio","Ratio & Proportion","","","master-ratio-sharing","master-sharing-ratio","5","consolidate","Really good. I didn't know how to do Ratio before so this has definitely taught me a lot."
"2026-02-28T11:13:17.866Z","OPEN","Evie","lesson","decimals","Decimals","","","master-decimal-addition-full","master-column-addition-decimals","5","consolidate","This is great if you didn't know how to do adding and subtracting decimals; then this would definitely teach you."
"2026-02-28T11:25:14.901Z","OPEN","Evie","lesson","wordClassGrammar","Word Class & Grammar","","","master-wordclass-full","master-question-test","1","hook","Change the names to normal"
"2026-02-28T11:26:58.509Z","OPEN","Evie","lesson","wordClassGrammar","Word Class & Grammar","","","master-wordclass-full","master-question-test","3","teach","Great! I really understand everything."
"2026-02-28T11:31:24.646Z","OPEN","Evie","lesson","punctuation","Punctuation","","","master-punctuation-patrol-full","master-punctuation-patrol","5","consolidate","Great, brilliant, easy to understand. I love it."
"2026-02-28T11:33:11.855Z","OPEN","Evie","lesson","comprehension","Reading Comprehension","","","master-comprehension-full","master-find-the-evidence","5","consolidate","Really easy to understand. I understood everything."
"2026-02-28T11:36:52.431Z","OPEN","Evie","lesson","spelling","Spelling","","","master-spelling-scanner-full","master-spelling-scanner","5","consolidate","Great I really like everything about this. I'm learning a lot."
"2026-02-28T13:52:14.560Z","OPEN","Ben","lesson","volume","Volume","","","master-volume-full","master-volume-cuboids","1","hook","The numbers don't match the image. 8 cm looks the same as 5 cm."
"2026-02-28T13:54:38.953Z","OPEN","Ben","lesson","fractions","Fractions","","","master-add-fractions-full","master-adding-fractions","1","hook","Intro page, so the one before this uses denominator but doesn't explain what it means. --- The title in between the two images looks a bit funny. The second amount is very small and grey. It should be the same as the first amount."
"2026-02-28T13:56:39.345Z","OPEN","Ben","lesson","fractions","Fractions","","","master-add-fractions-full","master-adding-fractions","2","teach","Image above - Split into 5 equal parts - it does not show five equal parts. --"
"2026-02-28T13:57:29.401Z","OPEN","Ben","lesson","fractions","Fractions","","","master-add-fractions-full","master-adding-fractions","3","teach","Above the second image there is a problem with the label. It seems to show five twentieths twice. - 5/20"
"2026-02-28T13:58:00.906Z","OPEN","Ben","lesson","fractions","Fractions","","","master-add-fractions-full","master-adding-fractions","3","teach","Common factors is a technical term which doesn't have a simple explanation. It should have one in there."
"2026-02-28T14:01:10.754Z","OPEN","Ben","lesson","primenumbers","Prime Numbers & Factors","","","master-factors-full","master-finding-factors","3","teach","I found this slightly confusing. It tells you to stop at six but then shows all the factors going above that. I think we should make clear why that is."
"2026-02-28T14:05:50.100Z","OPEN","Ben","lesson","negativenumbers","Negative Numbers","","","master-negatives-crossing","master-crossing-zero","1","hook","The space in between -4 floors and 9 floors ."
"2026-02-28T14:06:19.780Z","OPEN","Ben","lesson","negativenumbers","Negative Numbers","","","master-negatives-crossing","master-crossing-zero","2","teach","I think the number line can be bigger in this page. Maybe twice as big."
"2026-02-28T14:06:43.781Z","OPEN","Ben","lesson","negativenumbers","Negative Numbers","","","master-negatives-crossing","master-crossing-zero","3","teach","Again the number line can be twice as big in this page."
"2026-02-28T14:07:10.996Z","OPEN","Ben","lesson","negativenumbers","Negative Numbers","","","master-negatives-crossing","master-crossing-zero","4","interact","The number line looks good on this page. Let's make all number lines this size."
"2026-02-28T14:08:18.708Z","OPEN","Ben","lesson","sequences","Sequences","","","master-sequence-full","master-arithmetic-sequences","2","teach","Again - the number line it is too small on this page."
"2026-02-28T14:11:33.133Z","OPEN","Daisy","lesson","longdivision","Long Division","","","master-bus-stop-full","master-bus-stop","1","hook","The 52 number in the image is slightly oddly laid out; it is too close to the bus stop."
"2026-02-28T14:14:32.909Z","OPEN","Daisy","lesson","longdivision","Long Division","","","master-bus-stop-full","master-bus-stop","2","teach","When it says 6 goes into 8 1 time. Do the 1 as O N E rather than a digit. It makes it easier to read. Same with the six goes into 24 4 times."
"2026-02-28T14:18:12.326Z","OPEN","Daisy","lesson","longdivision","Long Division","","","master-bus-stop-full","master-bus-stop","4","interact","You should include the remainder in the answers as I got confused why there wasn't a remainder and it made me think I got the wrong answer when I didn't."
"2026-02-28T14:18:59.655Z","OPEN","Daisy","lesson","longdivision","Long Division","","","master-bus-stop-full","master-bus-stop","5","consolidate","In step two bring down doesn't make any sense. It should be: take the remaining numbers and move it over to the next digit."
"2026-02-28T14:20:17.671Z","OPEN","Daisy","lesson","volume","Volume","","","master-volume-full","master-volume-cuboids","2","teach","On the diagram where it says 4 cm, it looks like 4 am, as the c and the m are too close together; they merge."
"2026-02-28T14:21:34.743Z","OPEN","Daisy","lesson","volume","Volume","","","master-volume-full","master-volume-cuboids","3","teach","Explain the little three more, which means cubed, because it got a bit lost in the step and it needs to be shown more clearly. Otherwise people would skip over it."
"2026-02-28T14:22:36.112Z","OPEN","Daisy","lesson","fractions","Fractions","","","master-add-fractions-full","master-adding-fractions","1","hook","Why in between the two diagrams is the first amount highlighted and the second amount isn't? They should be the same."
"2026-02-28T14:23:59.000Z","OPEN","Daisy","lesson","fractions","Fractions","","","master-add-fractions-full","master-adding-fractions","2","teach","Explain more what the lowest common denominator is, as a Year 5 wouldn't understand what that is without further explanation."
"2026-02-28T14:25:25.824Z","OPEN","Daisy","lesson","fractions","Fractions","","","master-add-fractions-full","master-adding-fractions","4","interact","If the answer you want has to be simplified then it should specify in the question that it has to be simplified. I got the right answer but it wasn't simplified."
"2026-02-28T14:26:23.881Z","OPEN","Daisy","lesson","primenumbers","Prime Numbers & Factors","","","master-factors-full","master-finding-factors","1","hook","A year five wouldn't know what systematically means. I don't either."
"2026-02-28T14:30:38.458Z","OPEN","Daisy","lesson","anglesshapes","Angles & Shapes","","","master-triangle-angles","master-missing-angle-triangle","2","teach","At the bottom where it says we've used 125 out of 180, it doesn't make sense at all. It should be something else."
"2026-02-28T14:35:21.451Z","OPEN","Daisy","lesson","sequences","Sequences","","","master-sequence-full","master-arithmetic-sequences","3","teach","Instead of ""term"", use the word ""number"", as it sounds more appealing to a child, as they might not know what ""term"" is."
"2026-02-28T14:36:16.227Z","OPEN","Daisy","lesson","sequences","Sequences","","","master-sequence-full","master-arithmetic-sequences","4","interact","I felt that the answer was already being given to me as on the number line it wasn't just all the numbers; it went up specifically in fives. I just had to look for the next number on the number line so basically it told me the answer."
"2026-02-28T14:38:46.683Z","OPEN","Daisy","lesson","longmultiplication","Long Multiplication","","","master-column-full","master-column-method","2","teach","I'm not sure why it just felt very confusing. It wasn't explained in a very good way. It just didn't really make any sense. I don't know why."
"2026-02-28T14:39:31.357Z","OPEN","Daisy","lesson","longmultiplication","Long Multiplication","","","master-column-full","master-column-method","3","teach","Why on the first diagram wasn't there a zero already placed there? If you've just told me to place a zero, shouldn't it be there?"
"2026-02-28T14:41:46.588Z","OPEN","Daisy","lesson","areaperimeter","Area & Perimeter","","","master-area-full","master-area-rectangles","3","teach","On the first diagram the line is split along the X axis. If you split it on the Y then it would be a lot easier to work out so suggest this as it makes it easier to do it that way."
"2026-02-28T14:42:29.541Z","OPEN","Daisy","lesson","areaperimeter","Area & Perimeter","","","master-area-full","master-area-rectangles","5","consolidate","On the title it says ""area and perimeter"". This is just area; there is no perimeter."
"2026-02-28T14:49:51.966Z","OPEN","Daisy","lesson","percentages","Percentages","","","master-percentage-building-blocks-full","master-building-block-percentages","3","teach","The first diagram is not correct as there are four rectangles highlighted and there are 12 all together, which makes it 33.3 recurring percent, not 15. That needs to be corrected. Or it needs to say in brackets that it is not drawn to scale."
"2026-02-28T14:55:58.208Z","OPEN","Daisy","lesson","decimals","Decimals","","","master-decimal-addition-full","master-column-addition-decimals","2","teach","In the first sentence what are the tiny pieces supposed to mean? It doesn't make any sense why it's even there. I don't know what the point of it is; I don't know what it's trying to mean or anything."
"2026-02-28T15:21:56.545Z","OPEN","Ben","lesson","percentages","Percentages","","","master-percentage-building-blocks-full","master-building-block-percentages","3","teach","Top image looks funny, 10% is bigger than other three pieces"
"2026-02-28T15:25:20.962Z","OPEN","Ben","lesson","decimals","Decimals","","","master-decimal-addition-full","master-column-addition-decimals","1","hook","This visual looks really good. Feel like some of the others like bar lines are not as visually appealing as this."
"2026-02-28T15:26:25.315Z","OPEN","Ben","lesson","decimals","Decimals","","","master-decimal-addition-full","master-column-addition-decimals","2","teach","Highlighting on this page is great. This is all super clear and simple to understand"
"2026-02-28T15:27:31.980Z","OPEN","Ben","lesson","decimals","Decimals","","","master-decimal-addition-full","master-column-addition-decimals","3","teach","Not sure the number line is adding anything here? Also it’s too small like always."
"2026-02-28T15:30:38.150Z","OPEN","Ben","lesson","longdivision","Long Division","","","master-bus-stop-full","master-bus-stop","2","teach","Need something to better separate the 5 and 1 in this line and same below with 8 and 1 —-5 goes into 5 1 time with nothing left over"
"2026-02-28T15:32:27.673Z","OPEN","Ben","lesson","ratio","Ratio & Proportion","","","master-ratio-sharing","master-sharing-ratio","2","teach","Lets make these diagrams 50% bigger."
"2026-02-28T15:34:34.977Z","OPEN","Daisy","lesson","punctuation","Punctuation","","","master-punctuation-patrol-full","master-punctuation-patrol","4","interact","At the top it says, ""Use the Punctuation Patrol to find the area."" What is Punctuation Patrol? I've never heard of this. It sounds okay but it needs to say it earlier so that it makes sense of the question now."
"2026-02-28T15:36:48.114Z","OPEN","Daisy","lesson","comprehension","Reading Comprehension","","","master-comprehension-full","master-find-the-evidence","3","teach","It needs to explain what an inference is, as I've never heard of it. I mean it might be a thing but I've never heard of it like yeah. I don't know if you would know what that means."
"2026-02-28T15:37:05.854Z","OPEN","Ben","lesson","fractions","Fractions","","","master-add-fractions-full","master-adding-fractions","3","teach","Top two images on this page don’t look nice at all. I don’t think these diagrams work well at all, labels look funny sometimes and they often don’t have a nice visual appearance. Let’s have a proper rethink on how to do these better."
"2026-02-28T15:38:21.665Z","OPEN","Ben","lesson","fractions","Fractions","","","master-add-fractions-full","master-adding-fractions","4","interact","Every page that uses a technical term denominator, numerator etc should explain it in clear and simple language."
"2026-02-28T15:44:08.492Z","OPEN","Daisy","lesson","grammar","Grammar","","","master-grammar-full","master-read-check-choose","1","hook","It says ""fill the gap"" but I can't fill the gap. I don't think I'm supposed to but if it says that I should be able to. If I'm not supposed to then take ""fill the gap"" out."
"2026-02-28T15:44:52.862Z","OPEN","Ben","lesson","algebra","Algebra","","","master-algebra-twostep","master-two-step-equations","5","consolidate","Not sure what reverse order means in this sentence"
"2026-02-28T15:50:05.266Z","OPEN","Ben","lesson","placevalue","Place Value & Rounding","","","master-rounding-full","master-rounding","2","teach","Again these diagrams and highlighted digits are great. Really like these."
"2026-02-28T15:52:10.916Z","OPEN","Ben","lesson","placevalue","Place Value & Rounding","","","master-rounding-full","master-rounding","3","teach","Top image needs to be double the size."
"2026-02-28T15:53:35.001Z","OPEN","Ben","lesson","negativenumbers","Negative Numbers","","","master-negatives-crossing","master-crossing-zero","1","hook","This is the size that all number lines should be."
"2026-02-28T15:54:00.331Z","OPEN","Ben","lesson","negativenumbers","Negative Numbers","","","master-negatives-crossing","master-crossing-zero","2","teach","Number line too small."
"2026-02-28T15:54:34.934Z","OPEN","Ben","lesson","negativenumbers","Negative Numbers","","","master-negatives-crossing","master-crossing-zero","3","teach","Number line too small"
"2026-02-28T15:57:07.289Z","OPEN","Ben","lesson","primenumbers","Prime Numbers & Factors","","","master-factors-full","master-finding-factors","3","teach","Think it needs explaining a bit more clearly that BOTH sides of the sums in 4 steps end up becoming factors"
"2026-02-28T16:00:05.233Z","OPEN","Ben","question","primenumbers","Prime Numbers & Factors","13","Tom says 'All odd numbers are prime'. Is he correct?","","","","","All technical terms should be explained in the explanation eg Prime or non-prime. We shouldn’t rely on the lessons we can teach here also."
"2026-02-28T16:06:01.406Z","OPEN","Ben","lesson","anglesshapes","Angles & Shapes","","","master-triangle-angles","master-missing-angle-triangle","3","teach","This is AN isosceles"
"2026-02-28T16:06:35.464Z","OPEN","Ben","lesson","sequences","Sequences","","","master-sequence-full","master-arithmetic-sequences","2","teach","Number line is too small"
"2026-02-28T16:07:00.395Z","OPEN","Ben","lesson","sequences","Sequences","","","master-sequence-full","master-arithmetic-sequences","3","teach","Number line is too small"
"2026-02-28T16:08:40.975Z","OPEN","Ben","lesson","sequences","Sequences","","","master-sequence-full","master-arithmetic-sequences","4","interact","Number labels are all crazy bunched together don’t think we need 8, 14, 20, 26 etc above the arrows pointless and make it less clear."
"2026-02-28T16:14:26.165Z","OPEN","Ben","lesson","speeddistancetime","Speed, Distance, Time","","","master-speed-calculation","master-speed-formula","1","hook","Perfect size for number lines."
"2026-02-28T16:15:00.334Z","OPEN","Ben","lesson","speeddistancetime","Speed, Distance, Time","","","master-speed-calculation","master-speed-formula","2","teach","Number line too small"
"2026-02-28T16:15:14.185Z","OPEN","Ben","lesson","speeddistancetime","Speed, Distance, Time","","","master-speed-calculation","master-speed-formula","3","teach","Number line too small"
"2026-02-28T16:16:07.906Z","OPEN","Ben","lesson","speeddistancetime","Speed, Distance, Time","","","master-speed-calculation","master-speed-formula","4","interact","Answers should all be in km/h"
"2026-02-28T16:18:29.124Z","OPEN","Ben","lesson","comprehension","Reading Comprehension","","","master-comprehension-full","master-find-the-evidence","3","teach","This is AN inference question"
"2026-02-28T16:24:42.758Z","OPEN","Ben","lesson","punctuation","Punctuation","","","master-punctuation-patrol-full","master-punctuation-patrol","2","teach","Lot of unexplained technical terms here, proper nouns, contractions, subordinate clauses. Not a great check list at all. Doesn’t pass our test of clear and simple."
"2026-02-28T16:26:10.933Z","OPEN","Ben","lesson","punctuation","Punctuation","","","master-punctuation-patrol-full","master-punctuation-patrol","4","interact","Think there are two errors, should also be a comma after Mum shouldn’t there?"
"2026-02-28T16:27:26.016Z","OPEN","Ben","lesson","grammar","Grammar","","","master-grammar-full","master-read-check-choose","3","teach","Technical terms without explanation- subjunctive mood"
"2026-02-28T16:28:36.129Z","OPEN","Ben","lesson","grammar","Grammar","","","master-grammar-full","master-read-check-choose","3","teach","I don’t understand this and I’m 42 so don’t think a 9yr old has much chance. Very confusing, doesn’t pass the clear and simple test."
"2026-02-28T16:29:49.566Z","OPEN","Ben","lesson","grammar","Grammar","","","master-grammar-full","master-read-check-choose","4","interact","Do are and were not also work? If not that needs explaining why they dont"
"2026-02-28T16:30:27.336Z","OPEN","Ben","lesson","grammar","Grammar","","","master-grammar-full","master-read-check-choose","5","consolidate","Loads of unexplained technical terms here"
"2026-02-28T16:31:09.967Z","OPEN","Ben","lesson","vocabulary","Vocabulary","","","master-vocabulary-full","master-substitution-test","1","hook","Intro page - use the word synonym without explaining it"
"2026-02-28T16:32:08.498Z","OPEN","Ben","lesson","vocabulary","Vocabulary","","","master-vocabulary-full","master-substitution-test","2","teach","Uses the word synonym without explaining"
"2026-02-28T16:32:23.843Z","OPEN","Ben","lesson","vocabulary","Vocabulary","","","master-vocabulary-full","master-substitution-test","2","teach","I think the word context also needs explaining"
"2026-02-28T16:34:38.520Z","OPEN","Ben","lesson","wordClassGrammar","Word Class & Grammar","","","master-wordclass-full","master-question-test","2","teach","The London seems like an odd example. Think state also needs explaining here."
"2026-02-28T16:36:39.697Z","OPEN","Ben","lesson","synonyms","Synonyms","","","master-meaning-match-full","master-meaning-match","1","hook","Daisy appears in lots of these lessons. Can we use some more different names, please?"
"2026-02-28T16:38:38.639Z","OPEN","Ben","question","synonyms","Synonyms","30","Choose one word from each group that are closest in meaning.","","","","","I think this answer needs more explaining Dolan boring also seemed very close in the meaning"
"2026-02-28T16:42:24.517Z","OPEN","Ben","question","antonyms","Antonyms","86","Choose one word from each group that are most opposite in meaning.","","","","","Think this needs some further explaining courage and cowardice also seemed quite opposite"
"2026-02-28T16:43:11.360Z","OPEN","Ben","question","antonyms","Antonyms","113","Choose one word from each group that are most opposite in meaning.","","","","","I think this needs some further explaining attack and defend also seemed quite opposite"
"2026-02-28T16:43:47.823Z","OPEN","Ben","question","antonyms","Antonyms","100","Choose one word from each group that are most opposite in meaning.","","","","","This is just confusing because knowledge and ignorance were correct answering another question gained all of these seem quite opposite"
"2026-02-28T16:44:58.407Z","OPEN","Ben","lesson","verbalAnalogies","Verbal Analogies","","","master-name-the-link-full","master-name-the-link","1","hook","Don’t think this page visually looks like nice there are several pages which use the same same design or template and I think they all need redesigning"
"2026-02-28T16:45:58.238Z","OPEN","Ben","lesson","verbalAnalogies","Verbal Analogies","","","master-name-the-link-full","master-name-the-link","2","teach","Need to rethink how we layout the common relationship types having them in a list like this in a sentence isn’t very clear and simple"
"2026-02-28T16:48:47.787Z","OPEN","Ben","lesson","oddTwoOut","Odd Two Out","","","master-three-word-link-full","master-three-word-link","1","hook","Visually don’t think this looks very good"
"2026-02-28T16:55:09.269Z","OPEN","Ben","question","compoundWords","Compound Words","119","Find two words, one from each group, that join together to make a new word.","","","","","I understand, also works and is correct. Also, the two groups are not very clear."
"2026-02-28T16:56:41.030Z","OPEN","Ben","question","compoundWords","Compound Words","84","Which word can go in front of both 'hand' and 'cut' to make two new words?","","","","","I think underhand and undercut are also a compound words"
"2026-02-28T16:57:33.737Z","OPEN","Ben","question","compoundWords","Compound Words","116","Find two words, one from each group, that join together to make a new word.","","","","","Think fingertip is also a compound word"
"2026-02-28T17:00:02.179Z","OPEN","Ben","question","compoundWords","Compound Words","117","Find two words, one from each group, that join together to make a new word.","","","","","The two groups are not all clear here the correct answers were both from the same line"
"2026-02-28T17:04:46.655Z","OPEN","Ben","question","hiddenWords","Hidden Words","6","A 4-letter word meaning 'water falling from clouds' is hidden across two of these words. Find the two words.","","","","","The layout of this question needs looking at again really hard for a 10 year-old to answer this question with it laid out in this manner"
"2026-02-28T17:08:10.867Z","OPEN","Ben","question","hiddenWords","Hidden Words","122","A 4-letter word meaning 'a wide valley' is hidden across two of these words. Find the two words.","","","","","Again, the layout makes this almost impossible for a 10-year-old"
"2026-02-28T17:08:47.352Z","OPEN","Ben","question","hiddenWords","Hidden Words","64","A 4-letter word meaning 'a sharp curved nail on an animal's foot' is hidden across two of these words. Find the two words.","","","","","These are crazy hard for 10-year-old"
"2026-02-28T17:11:12.253Z","OPEN","Ben","question","letterMove","Letter Move","109","Move one letter from the first word to the second word to make two new words: SHELF  OUR","","","","","Feel like the layout of these almost makes it too easy is this how they’re laid out in the examples we looked at"
"2026-02-28T17:16:17.892Z","OPEN","Ben","lesson","letterCodes","Letter Codes","","","master-count-the-hops-full","master-count-the-hops","1","hook","Also need arrows on the diagram pointing from I to k and g to i"
"2026-02-28T17:17:07.669Z","OPEN","Ben","lesson","letterCodes","Letter Codes","","","master-count-the-hops-full","master-count-the-hops","3","teach","Letter line is way way way too small needs to be much much bigger. Let’s meet all letter and number lines the same size."
"2026-02-28T17:19:33.973Z","OPEN","Ben","lesson","letterPairSeries","Letter Pair Series","","","master-split-and-track-full","master-split-and-track","3","teach","Feel like we need the letter line and showing the jumps with arrows to make this more clear"
"2026-02-28T17:21:52.160Z","OPEN","Ben","lesson","numberSeries","Number Series","","","master-write-the-hops-full","master-write-the-hops","3","teach","Don’t know why we have the loan about square numbers at the bottom. It doesn’t add anything and just makes this page a bit confusing."
"2026-02-28T17:26:26.156Z","OPEN","Ben","question","numberSeries","Number Series","120","What number comes next? 13, 17, 19, 23, 29, ___","","","","","Is this an 11+ level question? Would a nine-year-old know that all the prime numbers in order? Maybe it is but we should check it in our research"
"2026-02-28T17:28:35.568Z","OPEN","Ben","lesson","letterSums","Letter Sums","","","master-swap-and-calculate-full","master-swap-and-calculate","2","teach","Technical term board mass is used and not explained"
"2026-02-28T17:29:15.571Z","OPEN","Ben","lesson","letterSums","Letter Sums","","","master-swap-and-calculate-full","master-swap-and-calculate","3","teach","Number letter line is way too small"
"2026-02-28T17:30:41.406Z","OPEN","Ben","lesson","wordCodeAnalogies","Word Code Analogies","","","master-spot-the-rule-full","master-spot-the-rule","1","hook","Again, I don’t like the layout here it’s not particularly visually appealing"
"2026-02-28T17:39:48.290Z","OPEN","Ben","question","logicAndLanguage","Logic & Language Puzzles","22","Which word connects both 'bank' and 'match'?","","","","","I have never heard the word or the term bank box before?"
"2026-02-28T17:42:16.671Z","OPEN","Ben","question","sharedLetter","Shared Letter","37","Find the letter that completes both pairs of words:

RA ( ? ) AME
BU ( ? ) IVE","","","","","Layout of this is awful. I have no idea what is going on here."
"2026-02-28T17:42:32.297Z","OPEN","Ben","question","sharedLetter","Shared Letter","76","Find the letter that completes both pairs of words:

BUS ( ? ) ANG
PAT ( ? ) OST","","","","","Same again, we need to look at the layout of these questions"
"2026-02-28T19:19:46.304Z","OPEN","Daisy","lesson","sequences","Sequences","","","master-sequence-full","master-arithmetic-sequences","2","teach","Still the same issue with the number line - still too small and still has unnessesary numbers above the arrows making all too bunched up."
"2026-02-28T19:44:04.814Z","OPEN","Daisy","lesson","speeddistancetime","Speed, Distance, Time","","","master-speed-calculation","master-speed-formula","3","teach","Number line is still wrong here - it is too small and we still have the numbers above the arrows. which are clogging everything up. They dont need to be there at all because the same numbers are on the line."